{
  "name": "qrafty:fortress",
  "fallback": "minecraft:empty",
  "elements": [
    {
      "weight": 1,
      "element": {
        "element_type": "minecraft:legacy_single_pool_element",
        "projection": "rigid",
        "location": "qrafty:sunken_city",
        "processors": "qrafty:sunken_city"
      }
    },
    {
      "weight": 1,
      "element": {
        "element_type": "minecraft:legacy_single_pool_element",
        "projection": "rigid",
        "location": "qrafty:sunken_city",
        "processors": "qrafty:sunken_city"
      }
    }
  ]
}
